{"cameraMode":{"drawMode":0,"name":"Shaded","section":"Shading Mode"},"sceneLighting":true,"audioPlay":false,"sceneViewState":{"showFog":true,"showMaterialUpdate":false,"showSkybox":true,"showFlares":true,"showImageEffects":true,"showParticleSystems":true,"showVisualEffectGraphs":true,"m_FxEnabled":true},"in2DMode":false,"pivot":{"x":-11.476234436035157,"y":15.918463706970215,"z":29.286527633666993},"rotation":{"x":-0.1336917132139206,"y":0.8369941711425781,"z":-0.47636738419532778,"w":-0.23422987759113313},"size":1.2247449159622193,"orthographic":false}